USCIS.Field.Office.or.Service.Center.Location,X,X.1,Petitions.by.Category.of.Relatives.and.Case.Status,X.2,X.3,X.4,X.5,X.6,X.7,X.8
Alaska,Anchorage ,ANC,78,61,NA,183,NA,NA,NA,NA
Arizona,Phoenix ,PHO,916,495,33,2195,NA,NA,NA,21
Arizona,Tucson,TUC,328,543,NA,800,NA,10,NA,NA
Arkansas,Fort Smith ,FSA,117,135,NA,230,NA,NA,NA,NA
California,Chula Vista,CVC,NA,NA,NA,NA,NA,NA,NA,NA
California,Fresno ,FRE,613,430,40,1056,NA,NA,NA,32
California,Imperial,IMP,111,199,14,199,NA,NA,NA,NA
California,Los Angeles ,LOS,1532,1357,71,3310,NA,14,NA,53
California,Los Angeles County ,LAC,1804,1379,170,3528,NA,16,NA,46
California,Sacramento ,SAC,670,1159,54,1325,NA,14,NA,NA
California,San Bernardino,SBD,1427,1412,81,2455,NA,10,NA,33
California,San Diego ,SND,1054,842,26,2790,NA,NA,NA,NA
California,San Fernando Valley,SFV,1030,819,74,2695,NA,34,NA,11
California,San Francisco,SFR,1739,1356,42,4898,NA,19,NA,36
California,San Jose ,SNJ,923,549,18,2504,NA,NA,NA,48
California,Santa Ana,SAA,1280,894,69,3475,NA,20,15,NA
Colorado,Denver ,DEN,843,1097,70,3017,NA,NA,NA,18
Connecticut,Hartford ,HAR,702,436,103,2161,NA,NA,NA,123
Delaware,Dover,DVD,NA,44,NA,NA,NA,NA,NA,NA
District of Columbia,Washington ,WAS,1224,368,44,3765,NA,10,NA,146
Florida,Hialeah,HIA,602,659,34,1530,NA,NA,NA,12
Florida,Jacksonville,JAC,459,580,40,931,NA,NA,NA,NA
Florida,Kendall,KND,491,186,34,1646,NA,10,NA,NA
Florida,Miami ,MIA,937,623,75,3552,NA,32,NA,30
Florida,Fort Myers,OFM,90,NA,NA,903,NA,NA,NA,10
Florida,Oakland Park,OKL,1320,443,80,4390,NA,10,NA,28
Florida,Orlando ,ORL,1004,674,92,3492,NA,18,NA,74
Florida,TAM,TAM,833,453,47,2424,NA,NA,NA,NA
Florida,West Palm Beach,WPB,739,766,88,1613,NA,NA,NA,137
Georgia,Atlanta ,ATL,2157,1946,133,5026,NA,48,NA,75
Hawaii,Honolulu ,HHW,242,231,32,515,NA,10,NA,NA
Idaho,Boise ,BOI,101,414,NA,206,NA,NA,NA,NA
Illinois,Chicago ,CHI,2635,1920,139,6223,NA,58,NA,191
Indiana,Indianapolis ,INP,412,394,57,797,NA,NA,NA,NA
Iowa,Des Moines,DSM,129,57,NA,499,NA,NA,NA,14
Kansas,Wichita,WIC,162,118,NA,394,NA,NA,NA,NA
Kentucky,Louisville ,LOU,171,169,23,418,NA,NA,NA,NA
Louisiana,New Orleans ,NOL,338,326,26,782,NA,NA,NA,NA
Maine,Portland ,POM,62,316,11,158,NA,NA,NA,NA
Maryland,Baltimore ,BAL,1272,562,43,4280,NA,NA,NA,236
Massachusetts,Boston ,BOS,1430,1371,134,4130,NA,16,NA,157
Massachusetts,Lawrence,LAW,474,482,71,1102,NA,NA,NA,44
Michigan,Detroit ,DET,744,969,100,1403,NA,27,NA,175
Minnesota,St. Paul ,SPM,568,79,20,2121,NA,NA,NA,17
Missouri,Kansas City ,KAN,422,592,13,733,NA,NA,NA,NA
Missouri,St. Louis ,STL,188,49,NA,938,NA,NA,NA,NA
Montana,Helena ,HEL,34,189,NA,199,NA,NA,NA,NA
Nebraska,Omaha ,OMA,125,308,46,494,NA,NA,NA,NA
Nevada,Las Vegas ,LVG,738,229,57,2240,NA,NA,NA,NA
Nevada,Reno ,REN,115,330,19,539,NA,NA,NA,NA
New Hampshire,Manchester ,MAN,88,120,NA,231,NA,NA,NA,NA
New Jersey,Mount Laurel,MTL,532,691,64,1154,NA,NA,NA,20
New Jersey,Newark ,NEW,2672,2207,147,9057,NA,16,10,129
New Mexico,Albuquerque ,ABQ,200,294,12,363,NA,NA,NA,NA
New York,Albany ,ALB,126,58,NA,341,NA,NA,NA,26
New York,Buffalo ,BUF,211,366,37,671,NA,26,NA,61
New York,Long Island,LNY,1531,780,60,5338,NA,19,NA,228
New York,New York ,NYC,4429,2570,251,15353,NA,62,NA,698
New York,Queens,QNS,1424,842,106,5075,NA,13,15,179
North Carolina,Charlotte ,CLT,534,324,19,1215,NA,NA,NA,NA
North Carolina,Raleigh,RAL,574,674,32,1024,NA,NA,NA,NA
Ohio,Cincinnati ,CIN,191,187,12,351,NA,12,NA,NA
Ohio,Cleveland ,CLE,231,269,27,457,NA,NA,NA,NA
Ohio,Columbus,CLM,238,250,22,453,NA,NA,NA,NA
Oklahoma,Oklahoma City ,OKC,359,190,18,1069,NA,11,NA,19
Oregon,Portland ,POO,460,505,34,823,NA,NA,NA,NA
Pennsylvania,Philadelphia,PHI,1185,1348,109,3192,NA,72,NA,44
Pennsylvania,Pittsburgh ,PIT,216,238,18,482,NA,NA,NA,NA
Rhode Island,Providence ,PRO,233,326,33,512,NA,NA,NA,NA
South Carolina,Charleston ,CHL,298,364,39,741,NA,NA,NA,NA
Tennessee,Memphis ,MEM,540,613,26,1292,NA,24,NA,38
Texas,Dallas ,DAL,2274,1652,135,8079,NA,10,NA,268
Texas,El Paso ,ELP,633,605,19,1561,NA,NA,NA,53
Texas,Harlingen ,HLG,717,711,47,1701,NA,NA,NA,NA
Texas,Houston ,HOU,2801,851,155,9700,NA,21,NA,171
Texas,San Antonio ,SNA,1385,608,30,3559,NA,NA,NA,47
Utah,Salt Lake City ,SLC,613,711,15,1006,NA,NA,NA,14
Vermont,St. Albans ,STA,40,83,NA,143,NA,NA,NA,NA
Virginia,Norfolk ,NOR,371,411,37,1034,NA,NA,NA,23
Washington,Seattle ,SEA,992,507,48,2305,NA,17,NA,NA
Washington,Spokane ,SPO,58,98,NA,119,NA,NA,NA,NA
Washington,Yakima,YAK,124,158,NA,218,NA,NA,NA,NA
Wisconsin,Milwaukee ,MIL,327,311,25,702,NA,NA,NA,31
Service Center,California,WSC,652,1896,1106,6080,70071,34934,4608,462043
Service Center,Nebraska,NSC,63495,39910,2588,115724,1361,947,292,2968
Service Center,Texas,SSC,15205,25359,1004,11523,345,659,288,367
Service Center,Vermont,ESC,NA,482,635,6125,NA,426,443,140175
Service Center,Potomac,YSC,12133,17298,683,14835,253,501,34,279